word	nodeType	synsetCount	unit	count
-	ADJ	0	jacobs-ladder-script	2
20th	ADJ	1	jacobs-ladder-script	1
34th	ADJ	1	jacobs-ladder-script	2
More	ADJ	5	jacobs-ladder-script	2
able	ADJ	4	jacobs-ladder-script	1
about	ADJ	8	jacobs-ladder-script	4
absent	ADJ	4	jacobs-ladder-script	1
absolute	ADJ	6	jacobs-ladder-script	2
active	ADJ	17	jacobs-ladder-script	1
additional	ADJ	1	jacobs-ladder-script	1
adolescent	ADJ	5	jacobs-ladder-script	1
afraid	ADJ	4	jacobs-ladder-script	5
african	ADJ	2	jacobs-ladder-script	1
aggressive	ADJ	3	jacobs-ladder-script	1
agonizing	ADJ	3	jacobs-ladder-script	1
ajar	ADJ	1	jacobs-ladder-script	1
alien	ADJ	7	jacobs-ladder-script	1
alive	ADJ	7	jacobs-ladder-script	5
alone	ADJ	6	jacobs-ladder-script	3
alright	ADJ	4	jacobs-ladder-script	1
amazing	ADJ	4	jacobs-ladder-script	4
american	ADJ	5	jacobs-ladder-script	1
ancient	ADJ	4	jacobs-ladder-script	1
angelic	ADJ	3	jacobs-ladder-script	1
angry	ADJ	3	jacobs-ladder-script	9
animalistic	ADJ	1	jacobs-ladder-script	1
annoyed	ADJ	3	jacobs-ladder-script	2
anxious	ADJ	2	jacobs-ladder-script	1
apex	ADJ	2	jacobs-ladder-script	1
appropriate	ADJ	3	jacobs-ladder-script	1
apt	ADJ	4	jacobs-ladder-script	2
archaic	ADJ	2	jacobs-ladder-script	1
armored	ADJ	4	jacobs-ladder-script	1
arterial	ADJ	1	jacobs-ladder-script	1
asleep	ADJ	5	jacobs-ladder-script	6
astounded	ADJ	2	jacobs-ladder-script	1
astounding	ADJ	3	jacobs-ladder-script	1
attractive	ADJ	3	jacobs-ladder-script	1
audible	ADJ	2	jacobs-ladder-script	1
awake	ADJ	3	jacobs-ladder-script	3
aware	ADJ	2	jacobs-ladder-script	1
awed	ADJ	3	jacobs-ladder-script	1
awesome	ADJ	1	jacobs-ladder-script	2
awestruck	ADJ	1	jacobs-ladder-script	1
back	ADJ	28	jacobs-ladder-script	4
bad	ADJ	17	jacobs-ladder-script	10
banal	ADJ	1	jacobs-ladder-script	1
barbaric	ADJ	2	jacobs-ladder-script	2
barren	ADJ	4	jacobs-ladder-script	1
beautiful	ADJ	2	jacobs-ladder-script	1
bedroom	ADJ	1	jacobs-ladder-script	1
beefy	ADJ	1	jacobs-ladder-script	2
berserk	ADJ	2	jacobs-ladder-script	1
biblical	ADJ	2	jacobs-ladder-script	3
big	ADJ	17	jacobs-ladder-script	5
biological	ADJ	2	jacobs-ladder-script	1
bizarre	ADJ	1	jacobs-ladder-script	2
bizarro	ADJ	0	jacobs-ladder-script	1
black	ADJ	22	jacobs-ladder-script	13
blank	ADJ	8	jacobs-ladder-script	3
blasphemous	ADJ	2	jacobs-ladder-script	1
bloodsoaked	ADJ	0	jacobs-ladder-script	1
blue	ADJ	16	jacobs-ladder-script	4
bony	ADJ	3	jacobs-ladder-script	1
bottom	ADJ	12	jacobs-ladder-script	1
bound	ADJ	27	jacobs-ladder-script	1
breathless	ADJ	3	jacobs-ladder-script	1
brief	ADJ	6	jacobs-ladder-script	2
bright	ADJ	11	jacobs-ladder-script	8
brilliant	ADJ	6	jacobs-ladder-script	5
brittle	ADJ	4	jacobs-ladder-script	1
buddhist	ADJ	2	jacobs-ladder-script	1
calm	ADJ	8	jacobs-ladder-script	1
capable	ADJ	5	jacobs-ladder-script	1
catacylsmic	ADJ	0	jacobs-ladder-script	1
celestial	ADJ	3	jacobs-ladder-script	4
certain	ADJ	7	jacobs-ladder-script	1
charred	ADJ	2	jacobs-ladder-script	2
chinese	ADJ	4	jacobs-ladder-script	1
clean	ADJ	31	jacobs-ladder-script	3
clear	ADJ	45	jacobs-ladder-script	2
clinical	ADJ	2	jacobs-ladder-script	1
close	ADJ	37	jacobs-ladder-script	6
closed	ADJ	26	jacobs-ladder-script	3
cluttered	ADJ	2	jacobs-ladder-script	1
cold	ADJ	16	jacobs-ladder-script	10
colored	ADJ	11	jacobs-ladder-script	1
comfortable	ADJ	5	jacobs-ladder-script	6
compassionate	ADJ	2	jacobs-ladder-script	2
compelling	ADJ	4	jacobs-ladder-script	2
concerned	ADJ	5	jacobs-ladder-script	2
confused	ADJ	10	jacobs-ladder-script	9
conscious	ADJ	3	jacobs-ladder-script	2
constant	ADJ	5	jacobs-ladder-script	1
consummate	ADJ	5	jacobs-ladder-script	2
continental	ADJ	4	jacobs-ladder-script	2
contradictory	ADJ	5	jacobs-ladder-script	2
convenient	ADJ	2	jacobs-ladder-script	1
conveyor	ADJ	2	jacobs-ladder-script	1
convulsive	ADJ	2	jacobs-ladder-script	1
cool	ADJ	11	jacobs-ladder-script	1
corrupt	ADJ	8	jacobs-ladder-script	2
countless	ADJ	1	jacobs-ladder-script	1
cozy	ADJ	4	jacobs-ladder-script	2
crazy	ADJ	6	jacobs-ladder-script	9
cross	ADJ	16	jacobs-ladder-script	1
crowded	ADJ	5	jacobs-ladder-script	3
curious	ADJ	3	jacobs-ladder-script	2
cute	ADJ	2	jacobs-ladder-script	2
damn	ADJ	5	jacobs-ladder-script	2
dark	ADJ	16	jacobs-ladder-script	34
dawn	ADJ	6	jacobs-ladder-script	1
dazed	ADJ	4	jacobs-ladder-script	2
dazzling	ADJ	4	jacobs-ladder-script	3
dead	ADJ	21	jacobs-ladder-script	17
deafening	ADJ	4	jacobs-ladder-script	4
deep	ADJ	21	jacobs-ladder-script	2
defeatist	ADJ	1	jacobs-ladder-script	1
defiant	ADJ	1	jacobs-ladder-script	3
deformed	ADJ	7	jacobs-ladder-script	1
deliberate	ADJ	4	jacobs-ladder-script	1
delicate	ADJ	7	jacobs-ladder-script	2
delirious	ADJ	2	jacobs-ladder-script	3
demonic	ADJ	1	jacobs-ladder-script	7
dense	ADJ	4	jacobs-ladder-script	3
deserted	ADJ	4	jacobs-ladder-script	2
desperate	ADJ	7	jacobs-ladder-script	2
devastating	ADJ	5	jacobs-ladder-script	3
different	ADJ	5	jacobs-ladder-script	2
difficult	ADJ	2	jacobs-ladder-script	1
dimensional	ADJ	2	jacobs-ladder-script	4
dingy	ADJ	3	jacobs-ladder-script	2
direct	ADJ	24	jacobs-ladder-script	1
discu-	ADJ	0	jacobs-ladder-script	1
disgusted	ADJ	3	jacobs-ladder-script	1
disheveled	ADJ	2	jacobs-ladder-script	1
disinterested	ADJ	1	jacobs-ladder-script	1
distant	ADJ	5	jacobs-ladder-script	2
distorted	ADJ	7	jacobs-ladder-script	2
distracted	ADJ	3	jacobs-ladder-script	1
disturbed	ADJ	9	jacobs-ladder-script	1
divine	ADJ	10	jacobs-ladder-script	2
doc-	ADJ	0	jacobs-ladder-script	1
domineering	ADJ	2	jacobs-ladder-script	1
dorsal	ADJ	2	jacobs-ladder-script	1
double	ADJ	21	jacobs-ladder-script	2
down	ADJ	26	jacobs-ladder-script	1
downward	ADJ	3	jacobs-ladder-script	1
drugged	ADJ	3	jacobs-ladder-script	1
dumbfounded	ADJ	2	jacobs-ladder-script	1
early	ADJ	9	jacobs-ladder-script	4
easy	ADJ	15	jacobs-ladder-script	2
ecstatic	ADJ	1	jacobs-ladder-script	2
eerie	ADJ	2	jacobs-ladder-script	1
effective	ADJ	6	jacobs-ladder-script	1
electrical	ADJ	2	jacobs-ladder-script	1
elevated	ADJ	7	jacobs-ladder-script	1
elusive	ADJ	4	jacobs-ladder-script	1
embarrassed	ADJ	4	jacobs-ladder-script	2
empirical	ADJ	2	jacobs-ladder-script	1
empty	ADJ	10	jacobs-ladder-script	5
endless	ADJ	4	jacobs-ladder-script	3
enormous	ADJ	1	jacobs-ladder-script	2
enough	ADJ	3	jacobs-ladder-script	2
enraged	ADJ	2	jacobs-ladder-script	1
enternal	ADJ	0	jacobs-ladder-script	1
entire	ADJ	5	jacobs-ladder-script	6
erotic	ADJ	2	jacobs-ladder-script	2
eternal	ADJ	2	jacobs-ladder-script	1
ethereal	ADJ	4	jacobs-ladder-script	1
evil	ADJ	6	jacobs-ladder-script	1
excited	ADJ	12	jacobs-ladder-script	2
exciting	ADJ	10	jacobs-ladder-script	1
excruciating	ADJ	3	jacobs-ladder-script	1
exhausted	ADJ	8	jacobs-ladder-script	1
exhilarated	ADJ	2	jacobs-ladder-script	1
exhilarating	ADJ	3	jacobs-ladder-script	2
exotic	ADJ	2	jacobs-ladder-script	1
extra	ADJ	7	jacobs-ladder-script	1
extraordinary	ADJ	3	jacobs-ladder-script	1
eyed	ADJ	2	jacobs-ladder-script	1
faced	ADJ	10	jacobs-ladder-script	2
faint	ADJ	8	jacobs-ladder-script	2
fake	ADJ	8	jacobs-ladder-script	1
false	ADJ	11	jacobs-ladder-script	1
familiar	ADJ	7	jacobs-ladder-script	5
fantastic	ADJ	5	jacobs-ladder-script	2
far	ADJ	10	jacobs-ladder-script	2
fast	ADJ	15	jacobs-ladder-script	2
fatherly	ADJ	1	jacobs-ladder-script	1
fearful	ADJ	5	jacobs-ladder-script	2
featureless	ADJ	1	jacobs-ladder-script	1
fetal	ADJ	1	jacobs-ladder-script	1
few	ADJ	2	jacobs-ladder-script	10
fierce	ADJ	4	jacobs-ladder-script	1
fiery	ADJ	3	jacobs-ladder-script	4
final	ADJ	5	jacobs-ladder-script	4
fine	ADJ	10	jacobs-ladder-script	2
firm	ADJ	14	jacobs-ladder-script	1
first	ADJ	16	jacobs-ladder-script	12
fitting	ADJ	15	jacobs-ladder-script	1
flat	ADJ	24	jacobs-ladder-script	2
fleshy	ADJ	2	jacobs-ladder-script	2
fluorescent	ADJ	3	jacobs-ladder-script	1
foolish	ADJ	2	jacobs-ladder-script	2
forward	ADJ	12	jacobs-ladder-script	1
frayed	ADJ	3	jacobs-ladder-script	2
french	ADJ	5	jacobs-ladder-script	1
frenzied	ADJ	2	jacobs-ladder-script	2
fresh	ADJ	13	jacobs-ladder-script	4
friendly	ADJ	5	jacobs-ladder-script	1
frightened	ADJ	4	jacobs-ladder-script	13
frightening	ADJ	4	jacobs-ladder-script	5
front	ADJ	13	jacobs-ladder-script	3
frozen	ADJ	17	jacobs-ladder-script	2
fuckin	ADJ	0	jacobs-ladder-script	3
fucking	ADJ	4	jacobs-ladder-script	10
full	ADJ	13	jacobs-ladder-script	11
fun	ADJ	4	jacobs-ladder-script	1
fundamental	ADJ	5	jacobs-ladder-script	1
funny	ADJ	5	jacobs-ladder-script	4
furious	ADJ	3	jacobs-ladder-script	2
garish	ADJ	1	jacobs-ladder-script	1
gay	ADJ	7	jacobs-ladder-script	1
gelatinous	ADJ	1	jacobs-ladder-script	1
generous	ADJ	3	jacobs-ladder-script	1
gentle	ADJ	10	jacobs-ladder-script	2
giant	ADJ	8	jacobs-ladder-script	2
gigantic	ADJ	1	jacobs-ladder-script	1
glad	ADJ	5	jacobs-ladder-script	4
glittering	ADJ	2	jacobs-ladder-script	1
glorious	ADJ	3	jacobs-ladder-script	2
goddam	ADJ	2	jacobs-ladder-script	1
goddamn	ADJ	3	jacobs-ladder-script	18
goddamned	ADJ	2	jacobs-ladder-script	1
golden	ADJ	6	jacobs-ladder-script	1
good	ADJ	27	jacobs-ladder-script	20
grand	ADJ	10	jacobs-ladder-script	3
grateful	ADJ	2	jacobs-ladder-script	1
grating	ADJ	9	jacobs-ladder-script	1
gray	ADJ	15	jacobs-ladder-script	4
great	ADJ	7	jacobs-ladder-script	10
green	ADJ	14	jacobs-ladder-script	4
hallucinogenic	ADJ	1	jacobs-ladder-script	2
happy	ADJ	4	jacobs-ladder-script	5
hard	ADJ	22	jacobs-ladder-script	6
headless	ADJ	2	jacobs-ladder-script	1
healthy	ADJ	5	jacobs-ladder-script	4
heavy	ADJ	30	jacobs-ladder-script	7
heavyset	ADJ	1	jacobs-ladder-script	1
hellish	ADJ	2	jacobs-ladder-script	1
hemorrhoid	ADJ	1	jacobs-ladder-script	1
hideous	ADJ	2	jacobs-ladder-script	1
high	ADJ	18	jacobs-ladder-script	6
hippie	ADJ	1	jacobs-ladder-script	1
hooved	ADJ	1	jacobs-ladder-script	2
horizontal	ADJ	2	jacobs-ladder-script	1
horned	ADJ	2	jacobs-ladder-script	1
horny	ADJ	3	jacobs-ladder-script	1
horrible	ADJ	1	jacobs-ladder-script	4
horrifying	ADJ	2	jacobs-ladder-script	1
hot	ADJ	21	jacobs-ladder-script	5
huge	ADJ	1	jacobs-ladder-script	26
human	ADJ	4	jacobs-ladder-script	11
hypnotic	ADJ	3	jacobs-ladder-script	2
hysterical	ADJ	2	jacobs-ladder-script	1
icy	ADJ	4	jacobs-ladder-script	2
idyllic	ADJ	2	jacobs-ladder-script	2
imaginative	ADJ	1	jacobs-ladder-script	1
immediate	ADJ	5	jacobs-ladder-script	1
immobilized	ADJ	6	jacobs-ladder-script	1
impenetrable	ADJ	3	jacobs-ladder-script	1
impersonal	ADJ	2	jacobs-ladder-script	1
important	ADJ	5	jacobs-ladder-script	1
imposing	ADJ	5	jacobs-ladder-script	2
impossible	ADJ	4	jacobs-ladder-script	5
individual	ADJ	6	jacobs-ladder-script	1
industrial	ADJ	4	jacobs-ladder-script	1
inevitable	ADJ	3	jacobs-ladder-script	1
inexpensive	ADJ	1	jacobs-ladder-script	1
infinite	ADJ	5	jacobs-ladder-script	3
inner	ADJ	6	jacobs-ladder-script	5
innocent	ADJ	8	jacobs-ladder-script	2
insensitive	ADJ	2	jacobs-ladder-script	1
insistent	ADJ	2	jacobs-ladder-script	5
instant	ADJ	5	jacobs-ladder-script	1
intact	ADJ	4	jacobs-ladder-script	1
intense	ADJ	3	jacobs-ladder-script	6
interested	ADJ	5	jacobs-ladder-script	1
interior	ADJ	8	jacobs-ladder-script	1
intimate	ADJ	9	jacobs-ladder-script	2
intricate	ADJ	1	jacobs-ladder-script	1
ja-	ADJ	0	jacobs-ladder-script	1
joint	ADJ	13	jacobs-ladder-script	1
joyous	ADJ	1	jacobs-ladder-script	1
jubilant	ADJ	2	jacobs-ladder-script	1
judgemental	ADJ	0	jacobs-ladder-script	1
juicy	ADJ	4	jacobs-ladder-script	1
kind	ADJ	4	jacobs-ladder-script	1
large	ADJ	11	jacobs-ladder-script	12
laserlike	ADJ	0	jacobs-ladder-script	1
last	ADJ	21	jacobs-ladder-script	8
late	ADJ	11	jacobs-ladder-script	3
lazy	ADJ	2	jacobs-ladder-script	1
least	ADJ	3	jacobs-ladder-script	3
left	ADJ	24	jacobs-ladder-script	5
lifeless	ADJ	4	jacobs-ladder-script	1
light	ADJ	47	jacobs-ladder-script	6
like	ADJ	11	jacobs-ladder-script	7
liquid	ADJ	11	jacobs-ladder-script	2
literary	ADJ	3	jacobs-ladder-script	1
little	ADJ	10	jacobs-ladder-script	11
live	ADJ	19	jacobs-ladder-script	1
lively	ADJ	6	jacobs-ladder-script	1
living	ADJ	17	jacobs-ladder-script	1
local	ADJ	5	jacobs-ladder-script	1
lone	ADJ	3	jacobs-ladder-script	1
lonely	ADJ	4	jacobs-ladder-script	1
long	ADJ	12	jacobs-ladder-script	22
loose	ADJ	18	jacobs-ladder-script	3
loud	ADJ	4	jacobs-ladder-script	7
lovely	ADJ	3	jacobs-ladder-script	3
low	ADJ	16	jacobs-ladder-script	7
lucky	ADJ	3	jacobs-ladder-script	7
ludicrous	ADJ	2	jacobs-ladder-script	1
lunar	ADJ	1	jacobs-ladder-script	1
maddening	ADJ	4	jacobs-ladder-script	1
magical	ADJ	1	jacobs-ladder-script	1
main	ADJ	5	jacobs-ladder-script	3
majestic	ADJ	3	jacobs-ladder-script	2
many	ADJ	1	jacobs-ladder-script	13
marked	ADJ	18	jacobs-ladder-script	1
married	ADJ	5	jacobs-ladder-script	1
massive	ADJ	4	jacobs-ladder-script	3
menacing	ADJ	4	jacobs-ladder-script	1
mental	ADJ	5	jacobs-ladder-script	1
metallic	ADJ	3	jacobs-ladder-script	1
mid	ADJ	1	jacobs-ladder-script	1
military	ADJ	4	jacobs-ladder-script	1
min-	ADJ	0	jacobs-ladder-script	1
minf	ADJ	0	jacobs-ladder-script	1
miraculous	ADJ	2	jacobs-ladder-script	1
moaning	ADJ	1	jacobs-ladder-script	1
mobile	ADJ	8	jacobs-ladder-script	1
modern	ADJ	7	jacobs-ladder-script	1
momentary	ADJ	1	jacobs-ladder-script	1
monolithic	ADJ	2	jacobs-ladder-script	1
more	ADJ	5	jacobs-ladder-script	15
mortified	ADJ	6	jacobs-ladder-script	1
motionless	ADJ	1	jacobs-ladder-script	6
mournful	ADJ	2	jacobs-ladder-script	2
much	ADJ	7	jacobs-ladder-script	5
muffled	ADJ	4	jacobs-ladder-script	2
mumbling	ADJ	4	jacobs-ladder-script	1
muscular	ADJ	4	jacobs-ladder-script	1
musical	ADJ	5	jacobs-ladder-script	2
mythic	ADJ	2	jacobs-ladder-script	2
naked	ADJ	5	jacobs-ladder-script	6
narrow	ADJ	10	jacobs-ladder-script	1
national	ADJ	8	jacobs-ladder-script	1
near	ADJ	9	jacobs-ladder-script	2
nearby	ADJ	2	jacobs-ladder-script	1
nervous	ADJ	5	jacobs-ladder-script	4
new	ADJ	12	jacobs-ladder-script	17
newborn	ADJ	3	jacobs-ladder-script	1
next	ADJ	4	jacobs-ladder-script	12
nice	ADJ	6	jacobs-ladder-script	1
normal	ADJ	5	jacobs-ladder-script	4
nude	ADJ	5	jacobs-ladder-script	1
obscure	ADJ	11	jacobs-ladder-script	2
obsessive	ADJ	2	jacobs-ladder-script	1
obvious	ADJ	1	jacobs-ladder-script	4
occasional	ADJ	4	jacobs-ladder-script	2
odd	ADJ	6	jacobs-ladder-script	1
officious	ADJ	1	jacobs-ladder-script	1
oily	ADJ	4	jacobs-ladder-script	2
okay	ADJ	4	jacobs-ladder-script	14
old	ADJ	9	jacobs-ladder-script	17
oncoming	ADJ	2	jacobs-ladder-script	1
only	ADJ	9	jacobs-ladder-script	12
open	ADJ	36	jacobs-ladder-script	21
orderly	ADJ	4	jacobs-ladder-script	1
organic	ADJ	7	jacobs-ladder-script	1
orgiastic	ADJ	2	jacobs-ladder-script	1
original	ADJ	6	jacobs-ladder-script	1
orthopedic	ADJ	1	jacobs-ladder-script	1
other	ADJ	4	jacobs-ladder-script	45
other-	ADJ	0	jacobs-ladder-script	1
out-	ADJ	0	jacobs-ladder-script	1
overgrown	ADJ	5	jacobs-ladder-script	1
overhead	ADJ	9	jacobs-ladder-script	4
own	ADJ	2	jacobs-ladder-script	23
padded	ADJ	5	jacobs-ladder-script	1
pained	ADJ	3	jacobs-ladder-script	1
painful	ADJ	4	jacobs-ladder-script	2
pale	ADJ	7	jacobs-ladder-script	2
paneled	ADJ	3	jacobs-ladder-script	1
panting	ADJ	4	jacobs-ladder-script	2
paranoid	ADJ	2	jacobs-ladder-script	1
particular	ADJ	9	jacobs-ladder-script	2
pastel	ADJ	3	jacobs-ladder-script	1
pathetic	ADJ	3	jacobs-ladder-script	1
pathological	ADJ	3	jacobs-ladder-script	1
perverse	ADJ	3	jacobs-ladder-script	2
phenomenal	ADJ	2	jacobs-ladder-script	1
physical	ADJ	7	jacobs-ladder-script	2
piercing	ADJ	7	jacobs-ladder-script	1
pink	ADJ	7	jacobs-ladder-script	1
pitiful	ADJ	3	jacobs-ladder-script	1
plastic	ADJ	5	jacobs-ladder-script	1
playful	ADJ	1	jacobs-ladder-script	1
pleasant	ADJ	2	jacobs-ladder-script	1
pleased	ADJ	5	jacobs-ladder-script	1
plush	ADJ	2	jacobs-ladder-script	1
pointed	ADJ	16	jacobs-ladder-script	3
posi-	ADJ	0	jacobs-ladder-script	1
positive	ADJ	13	jacobs-ladder-script	1
possible	ADJ	4	jacobs-ladder-script	1
postal	ADJ	1	jacobs-ladder-script	5
potential	ADJ	4	jacobs-ladder-script	1
powerful	ADJ	6	jacobs-ladder-script	9
practical	ADJ	4	jacobs-ladder-script	1
pre	ADJ	0	jacobs-ladder-script	1
precise	ADJ	2	jacobs-ladder-script	1
pregnant	ADJ	3	jacobs-ladder-script	1
prepared	ADJ	11	jacobs-ladder-script	1
preternatural	ADJ	2	jacobs-ladder-script	1
primal	ADJ	2	jacobs-ladder-script	2
primordial	ADJ	1	jacobs-ladder-script	1
private	ADJ	5	jacobs-ladder-script	1
psychiatric	ADJ	1	jacobs-ladder-script	1
psychological	ADJ	2	jacobs-ladder-script	1
public	ADJ	4	jacobs-ladder-script	1
puffy	ADJ	3	jacobs-ladder-script	2
punish-	ADJ	0	jacobs-ladder-script	1
pure	ADJ	7	jacobs-ladder-script	2
quick	ADJ	8	jacobs-ladder-script	2
quiet	ADJ	13	jacobs-ladder-script	7
radiant	ADJ	1	jacobs-ladder-script	4
rainy	ADJ	1	jacobs-ladder-script	1
rapid	ADJ	3	jacobs-ladder-script	2
rapt	ADJ	1	jacobs-ladder-script	1
raw	ADJ	14	jacobs-ladder-script	2
ready	ADJ	8	jacobs-ladder-script	5
real	ADJ	13	jacobs-ladder-script	11
rear	ADJ	11	jacobs-ladder-script	4
reasonable	ADJ	3	jacobs-ladder-script	3
recognizable	ADJ	2	jacobs-ladder-script	1
red	ADJ	7	jacobs-ladder-script	9
reddish	ADJ	1	jacobs-ladder-script	2
reflective	ADJ	3	jacobs-ladder-script	1
regular	ADJ	17	jacobs-ladder-script	1
remarkable	ADJ	2	jacobs-ladder-script	2
renegade	ADJ	4	jacobs-ladder-script	1
reptilian	ADJ	2	jacobs-ladder-script	1
resident	ADJ	4	jacobs-ladder-script	2
restless	ADJ	3	jacobs-ladder-script	1
rican	ADJ	0	jacobs-ladder-script	1
ridiculous	ADJ	3	jacobs-ladder-script	1
right	ADJ	36	jacobs-ladder-script	27
rocky	ADJ	4	jacobs-ladder-script	2
roguh	ADJ	0	jacobs-ladder-script	1
romantic	ADJ	5	jacobs-ladder-script	2
rough	ADJ	18	jacobs-ladder-script	1
rusty	ADJ	4	jacobs-ladder-script	1
sad	ADJ	3	jacobs-ladder-script	1
safe	ADJ	7	jacobs-ladder-script	2
same	ADJ	6	jacobs-ladder-script	11
satisfied	ADJ	5	jacobs-ladder-script	1
scared	ADJ	4	jacobs-ladder-script	4
second	ADJ	15	jacobs-ladder-script	1
secret	ADJ	14	jacobs-ladder-script	2
secure	ADJ	11	jacobs-ladder-script	1
semi	ADJ	3	jacobs-ladder-script	2
sensual	ADJ	2	jacobs-ladder-script	4
separate	ADJ	19	jacobs-ladder-script	1
serene	ADJ	2	jacobs-ladder-script	1
serious	ADJ	6	jacobs-ladder-script	2
several	ADJ	3	jacobs-ladder-script	15
sexual	ADJ	3	jacobs-ladder-script	1
sexy	ADJ	2	jacobs-ladder-script	1
shadowy	ADJ	3	jacobs-ladder-script	1
shallow	ADJ	6	jacobs-ladder-script	2
sharp	ADJ	15	jacobs-ladder-script	4
shimmering	ADJ	2	jacobs-ladder-script	2
shocked	ADJ	8	jacobs-ladder-script	3
shocking	ADJ	9	jacobs-ladder-script	3
short	ADJ	23	jacobs-ladder-script	3
sick	ADJ	9	jacobs-ladder-script	2
significant	ADJ	4	jacobs-ladder-script	1
silent	ADJ	6	jacobs-ladder-script	1
simple	ADJ	9	jacobs-ladder-script	4
sincere	ADJ	2	jacobs-ladder-script	2
sleazy	ADJ	3	jacobs-ladder-script	1
sleepy	ADJ	1	jacobs-ladder-script	2
slight	ADJ	5	jacobs-ladder-script	1
slimy	ADJ	2	jacobs-ladder-script	1
sly	ADJ	1	jacobs-ladder-script	1
small	ADJ	13	jacobs-ladder-script	10
smokey	ADJ	0	jacobs-ladder-script	1
smoky	ADJ	2	jacobs-ladder-script	1
smooth	ADJ	12	jacobs-ladder-script	2
smug	ADJ	1	jacobs-ladder-script	1
social	ADJ	7	jacobs-ladder-script	2
soft	ADJ	20	jacobs-ladder-script	2
solid	ADJ	18	jacobs-ladder-script	4
somber	ADJ	2	jacobs-ladder-script	2
some-	ADJ	0	jacobs-ladder-script	2
soothing	ADJ	4	jacobs-ladder-script	1
soporific	ADJ	3	jacobs-ladder-script	1
sorry	ADJ	4	jacobs-ladder-script	8
sparkling	ADJ	7	jacobs-ladder-script	2
spastic	ADJ	4	jacobs-ladder-script	3
special	ADJ	10	jacobs-ladder-script	1
specific	ADJ	6	jacobs-ladder-script	1
spectacular	ADJ	4	jacobs-ladder-script	2
spiked	ADJ	7	jacobs-ladder-script	2
spindly	ADJ	1	jacobs-ladder-script	1
spine	ADJ	5	jacobs-ladder-script	2
spiritual	ADJ	5	jacobs-ladder-script	1
spontaneous	ADJ	2	jacobs-ladder-script	1
stark	ADJ	6	jacobs-ladder-script	1
starry	ADJ	1	jacobs-ladder-script	2
startled	ADJ	3	jacobs-ladder-script	3
sterile	ADJ	3	jacobs-ladder-script	1
stimulating	ADJ	10	jacobs-ladder-script	1
stinging	ADJ	7	jacobs-ladder-script	1
strange	ADJ	3	jacobs-ladder-script	23
strong	ADJ	10	jacobs-ladder-script	5
stunned	ADJ	6	jacobs-ladder-script	4
stunning	ADJ	7	jacobs-ladder-script	2
subtle	ADJ	3	jacobs-ladder-script	2
such	ADJ	2	jacobs-ladder-script	9
sudden	ADJ	1	jacobs-ladder-script	15
sunlit	ADJ	1	jacobs-ladder-script	1
superhuman	ADJ	1	jacobs-ladder-script	1
superior	ADJ	13	jacobs-ladder-script	1
sure	ADJ	10	jacobs-ladder-script	8
surgical	ADJ	3	jacobs-ladder-script	4
surprise	ADJ	6	jacobs-ladder-script	1
surprised	ADJ	4	jacobs-ladder-script	16
surprising	ADJ	4	jacobs-ladder-script	3
sweaty	ADJ	0	jacobs-ladder-script	1
sweet	ADJ	16	jacobs-ladder-script	2
sweltering	ADJ	3	jacobs-ladder-script	1
tall	ADJ	5	jacobs-ladder-script	2
tangible	ADJ	4	jacobs-ladder-script	1
tawdry	ADJ	2	jacobs-ladder-script	1
tender	ADJ	18	jacobs-ladder-script	1
tense	ADJ	8	jacobs-ladder-script	3
terraced	ADJ	2	jacobs-ladder-script	1
terrible	ADJ	4	jacobs-ladder-script	11
terrific	ADJ	3	jacobs-ladder-script	3
terrified	ADJ	2	jacobs-ladder-script	1
terrifying	ADJ	2	jacobs-ladder-script	5
terrycloth	ADJ	1	jacobs-ladder-script	1
thick	ADJ	13	jacobs-ladder-script	3
thin	ADJ	13	jacobs-ladder-script	1
third	ADJ	8	jacobs-ladder-script	2
threatening	ADJ	5	jacobs-ladder-script	2
three-	ADJ	0	jacobs-ladder-script	1
thrilling	ADJ	6	jacobs-ladder-script	1
throbbing	ADJ	6	jacobs-ladder-script	1
thundering	ADJ	6	jacobs-ladder-script	2
tiny	ADJ	1	jacobs-ladder-script	7
tired	ADJ	6	jacobs-ladder-script	3
top	ADJ	22	jacobs-ladder-script	1
total	ADJ	7	jacobs-ladder-script	10
traditional	ADJ	2	jacobs-ladder-script	1
transcendental	ADJ	2	jacobs-ladder-script	2
translucent	ADJ	1	jacobs-ladder-script	1
true	ADJ	15	jacobs-ladder-script	1
ugly	ADJ	4	jacobs-ladder-script	1
ultimate	ADJ	3	jacobs-ladder-script	1
unable	ADJ	3	jacobs-ladder-script	3
unadulterated	ADJ	2	jacobs-ladder-script	1
unbelievable	ADJ	2	jacobs-ladder-script	1
uncomforta-	ADJ	0	jacobs-ladder-script	2
uncomfortable	ADJ	2	jacobs-ladder-script	8
unconscious	ADJ	4	jacobs-ladder-script	1
unconvincing	ADJ	2	jacobs-ladder-script	1
undefinable	ADJ	1	jacobs-ladder-script	1
unearthly	ADJ	2	jacobs-ladder-script	4
uneasy	ADJ	5	jacobs-ladder-script	1
unexpected	ADJ	1	jacobs-ladder-script	3
unfamiliar	ADJ	1	jacobs-ladder-script	1
unfocused	ADJ	2	jacobs-ladder-script	1
ungrateful	ADJ	2	jacobs-ladder-script	1
unhappy	ADJ	4	jacobs-ladder-script	1
unknown	ADJ	8	jacobs-ladder-script	1
unmade	ADJ	2	jacobs-ladder-script	1
unnatural	ADJ	3	jacobs-ladder-script	1
unpaved	ADJ	1	jacobs-ladder-script	1
unrecognizable	ADJ	1	jacobs-ladder-script	1
unrelenting	ADJ	3	jacobs-ladder-script	2
unrelieved	ADJ	1	jacobs-ladder-script	2
unseen	ADJ	2	jacobs-ladder-script	2
unsettling	ADJ	1	jacobs-ladder-script	1
unshaven	ADJ	1	jacobs-ladder-script	2
unspeakable	ADJ	3	jacobs-ladder-script	1
unstoppable	ADJ	1	jacobs-ladder-script	1
unsuccessful	ADJ	2	jacobs-ladder-script	1
untouched	ADJ	4	jacobs-ladder-script	1
unusual	ADJ	3	jacobs-ladder-script	1
upper	ADJ	6	jacobs-ladder-script	1
upset	ADJ	17	jacobs-ladder-script	5
usual	ADJ	2	jacobs-ladder-script	2
vast	ADJ	1	jacobs-ladder-script	5
vasuum	ADJ	0	jacobs-ladder-script	1
venetian	ADJ	2	jacobs-ladder-script	2
vertical	ADJ	6	jacobs-ladder-script	1
very	ADJ	4	jacobs-ladder-script	2
vibrating	ADJ	5	jacobs-ladder-script	1
vietnamese	ADJ	3	jacobs-ladder-script	4
violent	ADJ	5	jacobs-ladder-script	2
virile	ADJ	3	jacobs-ladder-script	1
visible	ADJ	3	jacobs-ladder-script	3
vital	ADJ	4	jacobs-ladder-script	1
vivid	ADJ	4	jacobs-ladder-script	1
volatile	ADJ	5	jacobs-ladder-script	1
warm	ADJ	13	jacobs-ladder-script	4
weird	ADJ	3	jacobs-ladder-script	5
well	ADJ	22	jacobs-ladder-script	3
whacko	ADJ	1	jacobs-ladder-script	1
white	ADJ	25	jacobs-ladder-script	4
whole	ADJ	8	jacobs-ladder-script	17
wide	ADJ	11	jacobs-ladder-script	3
wild	ADJ	17	jacobs-ladder-script	7
willing	ADJ	6	jacobs-ladder-script	1
winged	ADJ	3	jacobs-ladder-script	1
winglike	ADJ	1	jacobs-ladder-script	1
wobbly	ADJ	2	jacobs-ladder-script	1
"woman""s"	ADJ	0	jacobs-ladder-script	1
wonderful	ADJ	1	jacobs-ladder-script	3
wondrous	ADJ	2	jacobs-ladder-script	2
wooden	ADJ	2	jacobs-ladder-script	2
worldly	ADJ	2	jacobs-ladder-script	2
worried	ADJ	8	jacobs-ladder-script	1
worth	ADJ	5	jacobs-ladder-script	3
wrinkled	ADJ	6	jacobs-ladder-script	1
wrong	ADJ	13	jacobs-ladder-script	9
yellow	ADJ	8	jacobs-ladder-script	1
young	ADJ	14	jacobs-ladder-script	22
MORE	ADJ	5	shinning-dialogue	15
Most	ADJ	5	shinning-dialogue	2
able	ADJ	4	shinning-dialogue	4
about	ADJ	8	shinning-dialogue	2
afraid	ADJ	4	shinning-dialogue	8
akin	ADJ	2	shinning-dialogue	2
alive	ADJ	7	shinning-dialogue	2
amazing	ADJ	4	shinning-dialogue	4
asleep	ADJ	5	shinning-dialogue	18
authentic	ADJ	2	shinning-dialogue	2
awake	ADJ	3	shinning-dialogue	4
aware	ADJ	2	shinning-dialogue	2
awful	ADJ	7	shinning-dialogue	4
bad	ADJ	17	shinning-dialogue	16
bare	ADJ	13	shinning-dialogue	2
basic	ADJ	6	shinning-dialogue	2
beautiful	ADJ	2	shinning-dialogue	12
big	ADJ	17	shinning-dialogue	16
black	ADJ	22	shinning-dialogue	4
bold	ADJ	4	shinning-dialogue	2
bottom	ADJ	12	shinning-dialogue	4
bright	ADJ	11	shinning-dialogue	2
busy	ADJ	6	shinning-dialogue	4
canned	ADJ	4	shinning-dialogue	6
claustrophobic	ADJ	2	shinning-dialogue	2
clean	ADJ	31	shinning-dialogue	4
clear	ADJ	45	shinning-dialogue	6
close	ADJ	37	shinning-dialogue	4
closed	ADJ	26	shinning-dialogue	4
cold	ADJ	16	shinning-dialogue	4
comfortable	ADJ	5	shinning-dialogue	2
complete	ADJ	10	shinning-dialogue	6
concerned	ADJ	5	shinning-dialogue	4
confused	ADJ	10	shinning-dialogue	2
costly	ADJ	2	shinning-dialogue	2
cosy	ADJ	2	shinning-dialogue	2
covered	ADJ	27	shinning-dialogue	2
crazy	ADJ	6	shinning-dialogue	4
crowded	ADJ	5	shinning-dialogue	2
cruel	ADJ	1	shinning-dialogue	2
daily	ADJ	5	shinning-dialogue	2
damn	ADJ	5	shinning-dialogue	2
dead	ADJ	21	shinning-dialogue	8
dear	ADJ	8	shinning-dialogue	6
definite	ADJ	2	shinning-dialogue	2
different	ADJ	5	shinning-dialogue	12
dizzy	ADJ	3	shinning-dialogue	2
down	ADJ	26	shinning-dialogue	2
due	ADJ	7	shinning-dialogue	2
dull	ADJ	19	shinning-dialogue	7
early	ADJ	9	shinning-dialogue	2
easy	ADJ	15	shinning-dialogue	2
elderly	ADJ	2	shinning-dialogue	10
emotional	ADJ	4	shinning-dialogue	2
empty	ADJ	10	shinning-dialogue	10
enormous	ADJ	1	shinning-dialogue	4
entire	ADJ	5	shinning-dialogue	2
ethical	ADJ	3	shinning-dialogue	2
extra	ADJ	7	shinning-dialogue	2
famous	ADJ	1	shinning-dialogue	2
fantastic	ADJ	5	shinning-dialogue	4
fascinated	ADJ	4	shinning-dialogue	2
favorite	ADJ	5	shinning-dialogue	4
feasible	ADJ	1	shinning-dialogue	2
few	ADJ	2	shinning-dialogue	26
fine	ADJ	10	shinning-dialogue	12
first	ADJ	16	shinning-dialogue	10
front	ADJ	13	shinning-dialogue	12
fucking	ADJ	4	shinning-dialogue	8
funny	ADJ	5	shinning-dialogue	2
general	ADJ	10	shinning-dialogue	2
glad	ADJ	5	shinning-dialogue	12
goddam	ADJ	2	shinning-dialogue	12
goddamned	ADJ	2	shinning-dialogue	2
gold	ADJ	7	shinning-dialogue	2
good	ADJ	27	shinning-dialogue	66
gorgeous	ADJ	1	shinning-dialogue	4
great	ADJ	7	shinning-dialogue	12
grouchy	ADJ	1	shinning-dialogue	4
half	ADJ	6	shinning-dialogue	4
happy	ADJ	4	shinning-dialogue	4
hard	ADJ	22	shinning-dialogue	4
harsh	ADJ	6	shinning-dialogue	2
heavy	ADJ	30	shinning-dialogue	4
hectic	ADJ	1	shinning-dialogue	2
high	ADJ	18	shinning-dialogue	4
homely	ADJ	4	shinning-dialogue	2
horrible	ADJ	1	shinning-dialogue	2
hot	ADJ	21	shinning-dialogue	2
hungry	ADJ	2	shinning-dialogue	2
illustrious	ADJ	2	shinning-dialogue	2
imaginary	ADJ	2	shinning-dialogue	4
important	ADJ	5	shinning-dialogue	2
impossible	ADJ	4	shinning-dialogue	2
incredible	ADJ	1	shinning-dialogue	2
indian	ADJ	5	shinning-dialogue	6
indistinct	ADJ	1	shinning-dialogue	5
inner	ADJ	6	shinning-dialogue	2
irreparable	ADJ	1	shinning-dialogue	2
last	ADJ	21	shinning-dialogue	6
late	ADJ	11	shinning-dialogue	2
least	ADJ	3	shinning-dialogue	2
left	ADJ	24	shinning-dialogue	2
less	ADJ	5	shinning-dialogue	2
light	ADJ	47	shinning-dialogue	4
lit	ADJ	9	shinning-dialogue	2
little	ADJ	10	shinning-dialogue	34
living	ADJ	17	shinning-dialogue	3
local	ADJ	5	shinning-dialogue	4
long	ADJ	12	shinning-dialogue	10
many	ADJ	1	shinning-dialogue	4
married	ADJ	5	shinning-dialogue	2
marvellous	ADJ	3	shinning-dialogue	2
melodramatic	ADJ	2	shinning-dialogue	2
mental	ADJ	5	shinning-dialogue	2
mid	ADJ	1	shinning-dialogue	2
miserable	ADJ	6	shinning-dialogue	2
momentary	ADJ	1	shinning-dialogue	2
moral	ADJ	3	shinning-dialogue	2
more	ADJ	5	shinning-dialogue	10
most	ADJ	5	shinning-dialogue	2
much	ADJ	7	shinning-dialogue	6
muscular	ADJ	4	shinning-dialogue	2
naked	ADJ	5	shinning-dialogue	8
national	ADJ	8	shinning-dialogue	2
naughty	ADJ	2	shinning-dialogue	2
nervous	ADJ	5	shinning-dialogue	2
new	ADJ	12	shinning-dialogue	6
next	ADJ	4	shinning-dialogue	6
nice	ADJ	6	shinning-dialogue	14
normal	ADJ	5	shinning-dialogue	2
okay	ADJ	4	shinning-dialogue	28
old	ADJ	9	shinning-dialogue	12
only	ADJ	9	shinning-dialogue	6
open	ADJ	36	shinning-dialogue	80
opposite	ADJ	11	shinning-dialogue	2
other	ADJ	4	shinning-dialogue	22
outside	ADJ	14	shinning-dialogue	2
outstretched	ADJ	1	shinning-dialogue	4
own	ADJ	2	shinning-dialogue	4
particular	ADJ	9	shinning-dialogue	4
past	ADJ	6	shinning-dialogue	4
pleased	ADJ	5	shinning-dialogue	2
portable	ADJ	3	shinning-dialogue	2
possible	ADJ	4	shinning-dialogue	12
pretty	ADJ	3	shinning-dialogue	4
quick	ADJ	8	shinning-dialogue	4
ready	ADJ	8	shinning-dialogue	6
real	ADJ	13	shinning-dialogue	6
red	ADJ	7	shinning-dialogue	2
regular	ADJ	17	shinning-dialogue	2
resourceful	ADJ	1	shinning-dialogue	2
revealing	ADJ	6	shinning-dialogue	2
ridiculous	ADJ	3	shinning-dialogue	2
right	ADJ	36	shinning-dialogue	22
rotating	ADJ	6	shinning-dialogue	2
round	ADJ	25	shinning-dialogue	6
same	ADJ	6	shinning-dialogue	2
scared	ADJ	4	shinning-dialogue	8
scarey	ADJ	1	shinning-dialogue	2
scenic	ADJ	2	shinning-dialogue	2
second	ADJ	15	shinning-dialogue	8
self-	ADJ	0	shinning-dialogue	2
serious	ADJ	6	shinning-dialogue	6
several	ADJ	3	shinning-dialogue	2
silly	ADJ	5	shinning-dialogue	2
single	ADJ	10	shinning-dialogue	4
slight	ADJ	5	shinning-dialogue	2
slow	ADJ	11	shinning-dialogue	2
small	ADJ	13	shinning-dialogue	4
snowbound	ADJ	1	shinning-dialogue	4
solitary	ADJ	7	shinning-dialogue	2
sorry	ADJ	4	shinning-dialogue	6
sound	ADJ	24	shinning-dialogue	6
splintered	ADJ	3	shinning-dialogue	20
staggering	ADJ	5	shinning-dialogue	2
strange	ADJ	3	shinning-dialogue	4
striking	ADJ	25	shinning-dialogue	3
strong	ADJ	10	shinning-dialogue	2
sunny	ADJ	1	shinning-dialogue	2
sure	ADJ	10	shinning-dialogue	18
swell	ADJ	11	shinning-dialogue	2
terrible	ADJ	4	shinning-dialogue	2
tired	ADJ	6	shinning-dialogue	4
top	ADJ	22	shinning-dialogue	4
tremendous	ADJ	3	shinning-dialogue	2
true	ADJ	15	shinning-dialogue	2
typical	ADJ	3	shinning-dialogue	2
uncommon	ADJ	2	shinning-dialogue	2
unintentional	ADJ	2	shinning-dialogue	2
unreliable	ADJ	4	shinning-dialogue	2
upper	ADJ	6	shinning-dialogue	2
urgent	ADJ	1	shinning-dialogue	2
various	ADJ	4	shinning-dialogue	4
very	ADJ	4	shinning-dialogue	2
well	ADJ	22	shinning-dialogue	4
white	ADJ	25	shinning-dialogue	2
whole	ADJ	8	shinning-dialogue	12
willful	ADJ	2	shinning-dialogue	4
wise	ADJ	7	shinning-dialogue	4
wonderful	ADJ	1	shinning-dialogue	2
wrong	ADJ	13	shinning-dialogue	6
yellow	ADJ	8	shinning-dialogue	2
young	ADJ	14	shinning-dialogue	16
3rd	ADJ	1	game-dialogue	1
8th	ADJ	1	game-dialogue	1
Least	ADJ	3	game-dialogue	1
able	ADJ	4	game-dialogue	3
about	ADJ	8	game-dialogue	1
adjacent	ADJ	3	game-dialogue	1
afraid	ADJ	4	game-dialogue	4
alive	ADJ	7	game-dialogue	10
alone	ADJ	6	game-dialogue	8
alternate	ADJ	10	game-dialogue	1
back	ADJ	28	game-dialogue	1
bad	ADJ	17	game-dialogue	7
beautiful	ADJ	2	game-dialogue	2
big	ADJ	17	game-dialogue	4
black	ADJ	22	game-dialogue	7
blind	ADJ	10	game-dialogue	1
bloody	ADJ	4	game-dialogue	1
caged	ADJ	1	game-dialogue	1
careful	ADJ	5	game-dialogue	4
carpeted	ADJ	4	game-dialogue	1
central	ADJ	3	game-dialogue	1
clear	ADJ	45	game-dialogue	1
close	ADJ	37	game-dialogue	1
colorful	ADJ	3	game-dialogue	1
comfy	ADJ	1	game-dialogue	1
computerized	ADJ	3	game-dialogue	1
concrete	ADJ	5	game-dialogue	1
confused	ADJ	10	game-dialogue	1
crazy	ADJ	6	game-dialogue	1
cute	ADJ	2	game-dialogue	1
damn	ADJ	5	game-dialogue	2
dangerous	ADJ	2	game-dialogue	3
dark	ADJ	16	game-dialogue	2
dead	ADJ	21	game-dialogue	21
deaf	ADJ	4	game-dialogue	1
dear	ADJ	8	game-dialogue	1
deep	ADJ	21	game-dialogue	1
deserted	ADJ	4	game-dialogue	1
different	ADJ	5	game-dialogue	4
dirty	ADJ	13	game-dialogue	1
disgusting	ADJ	3	game-dialogue	4
double	ADJ	21	game-dialogue	1
dry	ADJ	19	game-dialogue	1
dumb	ADJ	4	game-dialogue	1
easy	ADJ	15	game-dialogue	2
effective	ADJ	6	game-dialogue	1
empty	ADJ	10	game-dialogue	2
enough	ADJ	3	game-dialogue	5
entire	ADJ	5	game-dialogue	2
exciting	ADJ	10	game-dialogue	1
fast	ADJ	15	game-dialogue	1
fat	ADJ	9	game-dialogue	4
female	ADJ	5	game-dialogue	1
ferris	ADJ	0	game-dialogue	1
few	ADJ	2	game-dialogue	2
fiery	ADJ	3	game-dialogue	1
final	ADJ	5	game-dialogue	6
fine	ADJ	10	game-dialogue	5
first	ADJ	16	game-dialogue	3
foggy	ADJ	4	game-dialogue	1
following	ADJ	30	game-dialogue	4
forgetful	ADJ	3	game-dialogue	1
friggin	ADJ	0	game-dialogue	1
front	ADJ	13	game-dialogue	2
full	ADJ	13	game-dialogue	1
fun	ADJ	4	game-dialogue	1
funny	ADJ	5	game-dialogue	1
glad	ADJ	5	game-dialogue	1
good	ADJ	27	game-dialogue	4
grainy	ADJ	1	game-dialogue	2
great	ADJ	7	game-dialogue	1
green	ADJ	14	game-dialogue	1
gritty	ADJ	2	game-dialogue	1
gruesome	ADJ	1	game-dialogue	2
gutless	ADJ	2	game-dialogue	1
happy	ADJ	4	game-dialogue	2
hard	ADJ	22	game-dialogue	5
haunted	ADJ	6	game-dialogue	1
holy	ADJ	2	game-dialogue	1
honest	ADJ	7	game-dialogue	2
hot	ADJ	21	game-dialogue	1
human	ADJ	4	game-dialogue	4
ill	ADJ	9	game-dialogue	1
important	ADJ	5	game-dialogue	2
impossible	ADJ	4	game-dialogue	2
innocent	ADJ	8	game-dialogue	1
insane	ADJ	2	game-dialogue	4
kind	ADJ	4	game-dialogue	1
large	ADJ	11	game-dialogue	3
last	ADJ	21	game-dialogue	9
late	ADJ	11	game-dialogue	1
left	ADJ	24	game-dialogue	2
less	ADJ	5	game-dialogue	1
limp	ADJ	5	game-dialogue	2
little	ADJ	10	game-dialogue	23
long	ADJ	12	game-dialogue	10
lookin	ADJ	0	game-dialogue	1
loud	ADJ	4	game-dialogue	3
lucky	ADJ	3	game-dialogue	1
mad	ADJ	4	game-dialogue	1
magic	ADJ	3	game-dialogue	1
middle	ADJ	9	game-dialogue	1
more	ADJ	5	game-dialogue	3
most	ADJ	5	game-dialogue	1
motionless	ADJ	1	game-dialogue	2
narrow	ADJ	10	game-dialogue	1
near	ADJ	9	game-dialogue	1
necessary	ADJ	3	game-dialogue	1
nervous	ADJ	5	game-dialogue	1
next	ADJ	4	game-dialogue	3
nice	ADJ	6	game-dialogue	3
nuts	ADJ	9	game-dialogue	1
obvious	ADJ	1	game-dialogue	1
okay	ADJ	4	game-dialogue	15
old	ADJ	9	game-dialogue	6
only	ADJ	9	game-dialogue	4
open	ADJ	36	game-dialogue	1
opposite	ADJ	11	game-dialogue	2
optional	ADJ	1	game-dialogue	4
other	ADJ	4	game-dialogue	16
own	ADJ	2	game-dialogue	2
panting	ADJ	4	game-dialogue	1
peaceful	ADJ	2	game-dialogue	2
pretty	ADJ	3	game-dialogue	1
puzzles	ADJ	4	game-dialogue	1
quiet	ADJ	13	game-dialogue	3
random	ADJ	1	game-dialogue	1
ready	ADJ	8	game-dialogue	1
real	ADJ	13	game-dialogue	2
rear	ADJ	11	game-dialogue	1
red	ADJ	7	game-dialogue	2
restless	ADJ	3	game-dialogue	1
ridiculous	ADJ	3	game-dialogue	3
right	ADJ	36	game-dialogue	11
sacred	ADJ	5	game-dialogue	1
sad	ADJ	3	game-dialogue	2
safe	ADJ	7	game-dialogue	1
same	ADJ	6	game-dialogue	5
satisfied	ADJ	5	game-dialogue	1
scared	ADJ	4	game-dialogue	4
scrambled	ADJ	6	game-dialogue	1
second	ADJ	15	game-dialogue	9
several	ADJ	3	game-dialogue	6
shaky	ADJ	3	game-dialogue	1
short	ADJ	23	game-dialogue	4
sick	ADJ	9	game-dialogue	4
silent	ADJ	6	game-dialogue	1
silly	ADJ	5	game-dialogue	1
small	ADJ	13	game-dialogue	10
smart	ADJ	9	game-dialogue	1
snotty	ADJ	2	game-dialogue	1
sorry	ADJ	4	game-dialogue	17
special	ADJ	10	game-dialogue	6
staticy	ADJ	0	game-dialogue	2
strange	ADJ	3	game-dialogue	13
stupid	ADJ	4	game-dialogue	1
such	ADJ	2	game-dialogue	1
sudden	ADJ	1	game-dialogue	1
sure	ADJ	10	game-dialogue	5
surly	ADJ	1	game-dialogue	1
sweet	ADJ	16	game-dialogue	1
tedious	ADJ	2	game-dialogue	1
terrible	ADJ	4	game-dialogue	1
third	ADJ	8	game-dialogue	4
thrilling	ADJ	6	game-dialogue	1
tired	ADJ	6	game-dialogue	5
true	ADJ	15	game-dialogue	8
ugly	ADJ	4	game-dialogue	2
unable	ADJ	3	game-dialogue	1
unclear	ADJ	3	game-dialogue	1
underwater	ADJ	2	game-dialogue	1
unhurt	ADJ	2	game-dialogue	1
unlucky	ADJ	2	game-dialogue	1
up	ADJ	14	game-dialogue	1
various	ADJ	4	game-dialogue	2
vile	ADJ	2	game-dialogue	1
warm	ADJ	13	game-dialogue	1
weak	ADJ	12	game-dialogue	1
weird	ADJ	3	game-dialogue	1
well	ADJ	22	game-dialogue	1
white	ADJ	25	game-dialogue	4
whole	ADJ	8	game-dialogue	7
wooden	ADJ	2	game-dialogue	1
worth	ADJ	5	game-dialogue	1
wrong	ADJ	13	game-dialogue	4
